"Status","Start Time","Stop Time","Duration in ms","Parent Suite","Suite","Sub Suite","Test Class","Test Method","Name","Description"
"passed","Tue Nov 22 08:22:46 GMT 2022","Tue Nov 22 08:22:51 GMT 2022","5359","firefox","prod - Version: v1.26.3, Commit: 2f2eaa695bb95e09ddcb1557bf324eddab2b30b7","prod - guardian basics - privacy, C1538755 > Checking locales for different langs and geos","","","Verify locale handling in Malaysia for privacy notice",""
"passed","Tue Nov 22 08:24:48 GMT 2022","Tue Nov 22 08:24:52 GMT 2022","3505","firefox","prod - Version: v1.26.3, Commit: 2f2eaa695bb95e09ddcb1557bf324eddab2b30b7","prod - guardian redirects > Misc redirects","","","Verify redirect for https://vpn.mozilla.org/r/vpn/support, C1539673",""
"passed","Tue Nov 22 08:24:34 GMT 2022","Tue Nov 22 08:24:36 GMT 2022","1473","firefox","stage - Version: v1.27.b5, Commit: e959cf630978954d175e14cd2ed170c370470279","stage - guardian redirects > Misc redirects","","","Verify redirect for https://stage-vpn.guardian.nonprod.cloudops.mozgcp.net/r/vpn/client/feedback, C1539670",""
"passed","Tue Nov 22 08:23:35 GMT 2022","Tue Nov 22 08:23:41 GMT 2022","5456","firefox","prod - Version: v1.26.3, Commit: 2f2eaa695bb95e09ddcb1557bf324eddab2b30b7","guardian basics prod - terms, C1538755 > terms locale check for New Zealand","","","Verify locale handling in New Zealand for terms",""
"passed","Tue Nov 22 08:23:37 GMT 2022","Tue Nov 22 08:23:42 GMT 2022","5356","firefox","stage - Version: v1.27.b5, Commit: e959cf630978954d175e14cd2ed170c370470279","guardian basics stage - terms, C1538755 > terms locale check for New Zealand","","","Verify locale handling in New Zealand for terms",""
"passed","Tue Nov 22 08:25:06 GMT 2022","Tue Nov 22 08:25:09 GMT 2022","2464","firefox","stage - Version: v1.27.b5, Commit: e959cf630978954d175e14cd2ed170c370470279","stage - guardian redirects > download redirects","","","Verify redirect for https://stage-vpn.guardian.nonprod.cloudops.mozgcp.net/r/vpn/update/windows, C1539669",""
"passed","Tue Nov 22 08:23:09 GMT 2022","Tue Nov 22 08:23:15 GMT 2022","5991","firefox","prod - Version: v1.26.3, Commit: 2f2eaa695bb95e09ddcb1557bf324eddab2b30b7","prod - guardian basics - privacy, C1538755 > Checking locales for different langs and geos","","","Verify locale handling in France for privacy notice",""
"passed","Tue Nov 22 08:25:11 GMT 2022","Tue Nov 22 08:25:14 GMT 2022","2426","firefox","stage - Version: v1.27.b5, Commit: e959cf630978954d175e14cd2ed170c370470279","stage - guardian redirects > download redirects","","","Verify redirect for https://stage-vpn.guardian.nonprod.cloudops.mozgcp.net/r/vpn/update/android, C1539669",""
"passed","Tue Nov 22 08:22:45 GMT 2022","Tue Nov 22 08:22:51 GMT 2022","6503","firefox","stage - Version: v1.27.b5, Commit: e959cf630978954d175e14cd2ed170c370470279","stage - guardian basics - privacy, C1538755 > Checking locales for different langs and geos","","","Verify locale handling in Italy for privacy notice",""
"passed","Tue Nov 22 08:24:00 GMT 2022","Tue Nov 22 08:24:05 GMT 2022","4315","firefox","stage - Version: v1.27.b5, Commit: e959cf630978954d175e14cd2ed170c370470279","stage - guardian localization by urls, C1538754, C1601703 > Canada - https://www-dev.allizom.org/en-US/products/vpn/?geo=ca","","","Verify locale handling in Canada",""
"passed","Tue Nov 22 08:22:33 GMT 2022","Tue Nov 22 08:22:46 GMT 2022","12973","firefox","prod - Version: v1.26.3, Commit: 2f2eaa695bb95e09ddcb1557bf324eddab2b30b7","prod - guardian basics - privacy, C1538755 > Checking locales for different langs and geos","","","Verify locale handling in Italy for privacy notice",""
"passed","Tue Nov 22 08:24:13 GMT 2022","Tue Nov 22 08:24:18 GMT 2022","4211","firefox","stage - Version: v1.27.b5, Commit: e959cf630978954d175e14cd2ed170c370470279","stage - guardian localization by urls, C1538754, C1601703 > Spain - https://www-dev.allizom.org/es-US/products/vpn/?geo=es","","","Verify locale handling in Spain",""
"passed","Tue Nov 22 08:23:45 GMT 2022","Tue Nov 22 08:23:50 GMT 2022","4906","firefox","prod - Version: v1.26.3, Commit: 2f2eaa695bb95e09ddcb1557bf324eddab2b30b7","guardian basics prod - terms, C1538755 > terms locale check for Spain","","","Verify locale handling in Spain for terms",""
"passed","Tue Nov 22 08:24:25 GMT 2022","Tue Nov 22 08:24:28 GMT 2022","3781","firefox","prod - Version: v1.26.3, Commit: 2f2eaa695bb95e09ddcb1557bf324eddab2b30b7","prod - guardian redirects > redirects for https://vpn.mozilla.org origin","","","Verify redirect for https://vpn.mozilla.org/r/vpn/invite, C1539666",""
"passed","Tue Nov 22 08:23:52 GMT 2022","Tue Nov 22 08:23:56 GMT 2022","4073","firefox","stage - Version: v1.27.b5, Commit: e959cf630978954d175e14cd2ed170c370470279","stage - guardian localization by urls, C1538754, C1601703 > Austria - https://www-dev.allizom.org/de/products/vpn/?geo=at","","","Verify locale handling in Austria",""
"passed","Tue Nov 22 08:24:02 GMT 2022","Tue Nov 22 08:24:06 GMT 2022","3792","firefox","prod - Version: v1.26.3, Commit: 2f2eaa695bb95e09ddcb1557bf324eddab2b30b7","prod - guardian localization by urls, C1538754, C1601703 > Italy - https://www.mozilla.org/it/products/vpn/?geo=it","","","Verify locale handling in Italy",""
"passed","Tue Nov 22 08:23:25 GMT 2022","Tue Nov 22 08:23:31 GMT 2022","5694","firefox","stage - Version: v1.27.b5, Commit: e959cf630978954d175e14cd2ed170c370470279","guardian basics stage - terms, C1538755 > terms locale check for Italy","","","Verify locale handling in Italy for terms",""
"passed","Tue Nov 22 08:23:59 GMT 2022","Tue Nov 22 08:24:02 GMT 2022","3650","firefox","stage - Version: v1.27.b5, Commit: e959cf630978954d175e14cd2ed170c370470279","stage - guardian localization by urls, C1538754, C1601703 > Italy - https://www-dev.allizom.org/it/products/vpn/?geo=it","","","Verify locale handling in Italy",""
"passed","Tue Nov 22 08:24:42 GMT 2022","Tue Nov 22 08:24:46 GMT 2022","3643","firefox","prod - Version: v1.26.3, Commit: 2f2eaa695bb95e09ddcb1557bf324eddab2b30b7","prod - guardian redirects > Misc redirects","","","Verify redirect for https://vpn.mozilla.org/r/vpn/account, C1539671",""
"passed","Tue Nov 22 08:23:54 GMT 2022","Tue Nov 22 08:24:00 GMT 2022","5699","firefox","prod - Version: v1.26.3, Commit: 2f2eaa695bb95e09ddcb1557bf324eddab2b30b7","guardian basics prod - terms, C1538755 > terms locale check for Austria","","","Verify locale handling in Austria for terms",""
"passed","Tue Nov 22 08:22:32 GMT 2022","Tue Nov 22 08:22:45 GMT 2022","12318","firefox","stage - Version: v1.27.b5, Commit: e959cf630978954d175e14cd2ed170c370470279","stage - guardian basics - privacy, C1538755 > Checking locales for different langs and geos","","","Verify locale handling in UK for privacy notice",""
"passed","Tue Nov 22 08:24:15 GMT 2022","Tue Nov 22 08:24:18 GMT 2022","3068","firefox","prod - Version: v1.26.3, Commit: 2f2eaa695bb95e09ddcb1557bf324eddab2b30b7","prod - guardian localization by urls, C1538754, C1601703 > Spain - https://www.mozilla.org/es-US/products/vpn/?geo=es","","","Verify locale handling in Spain",""
"passed","Tue Nov 22 08:25:09 GMT 2022","Tue Nov 22 08:25:11 GMT 2022","2455","firefox","stage - Version: v1.27.b5, Commit: e959cf630978954d175e14cd2ed170c370470279","stage - guardian redirects > download redirects","","","Verify redirect for https://stage-vpn.guardian.nonprod.cloudops.mozgcp.net/r/vpn/update/ios, C1539669",""
"passed","Tue Nov 22 08:24:03 GMT 2022","Tue Nov 22 08:24:07 GMT 2022","3535","firefox","prod - Version: v1.26.3, Commit: 2f2eaa695bb95e09ddcb1557bf324eddab2b30b7","prod - guardian localization by urls, C1538754, C1601703 > Canada - https://www.mozilla.org/en-US/products/vpn/?geo=ca","","","Verify locale handling in Canada",""
"passed","Tue Nov 22 08:24:10 GMT 2022","Tue Nov 22 08:24:14 GMT 2022","3799","firefox","stage - Version: v1.27.b5, Commit: e959cf630978954d175e14cd2ed170c370470279","stage - guardian localization by urls, C1538754, C1601703 > Singapore - https://www-dev.allizom.org/en-US/products/vpn/?geo=sg","","","Verify locale handling in Singapore",""
"passed","Tue Nov 22 08:24:22 GMT 2022","Tue Nov 22 08:24:25 GMT 2022","2718","firefox","prod - Version: v1.26.3, Commit: 2f2eaa695bb95e09ddcb1557bf324eddab2b30b7","prod - guardian localization by urls, C1538754, C1601703 > UK - https://www.mozilla.org/en-US/products/vpn/?geo=gb","","","Verify locale handling in UK",""
"passed","Tue Nov 22 08:23:07 GMT 2022","Tue Nov 22 08:23:13 GMT 2022","5951","firefox","stage - Version: v1.27.b5, Commit: e959cf630978954d175e14cd2ed170c370470279","guardian basics stage - terms, C1538755 > terms locale check for Austria","","","Verify locale handling in Austria for terms",""
"passed","Tue Nov 22 08:23:42 GMT 2022","Tue Nov 22 08:23:49 GMT 2022","6057","firefox","stage - Version: v1.27.b5, Commit: e959cf630978954d175e14cd2ed170c370470279","guardian basics stage - terms, C1538755 > terms locale check for Singapore","","","Verify locale handling in Singapore for terms",""
"passed","Tue Nov 22 08:23:56 GMT 2022","Tue Nov 22 08:24:02 GMT 2022","5729","firefox","prod - Version: v1.26.3, Commit: 2f2eaa695bb95e09ddcb1557bf324eddab2b30b7","guardian basics prod - terms, C1538755 > terms locale check for UK","","","Verify locale handling in UK for terms",""
"passed","Tue Nov 22 08:23:08 GMT 2022","Tue Nov 22 08:23:13 GMT 2022","4645","firefox","stage - Version: v1.27.b5, Commit: e959cf630978954d175e14cd2ed170c370470279","stage - guardian basics - privacy, C1538755 > Checking locales for different langs and geos","","","Verify locale handling in United States for privacy notice",""
"passed","Tue Nov 22 08:24:14 GMT 2022","Tue Nov 22 08:24:18 GMT 2022","3978","firefox","stage - Version: v1.27.b5, Commit: e959cf630978954d175e14cd2ed170c370470279","stage - guardian localization by urls, C1538754, C1601703 > United States - https://www-dev.allizom.org/en-US/products/vpn/?geo=US","","","Verify locale handling in United States",""
"passed","Tue Nov 22 08:22:57 GMT 2022","Tue Nov 22 08:23:03 GMT 2022","5979","firefox","prod - Version: v1.26.3, Commit: 2f2eaa695bb95e09ddcb1557bf324eddab2b30b7","prod - guardian basics - privacy, C1538755 > Checking locales for different langs and geos","","","Verify locale handling in Germany for privacy notice",""
"passed","Tue Nov 22 08:23:41 GMT 2022","Tue Nov 22 08:23:46 GMT 2022","5364","firefox","prod - Version: v1.26.3, Commit: 2f2eaa695bb95e09ddcb1557bf324eddab2b30b7","guardian basics prod - terms, C1538755 > terms locale check for Singapore","","","Verify locale handling in Singapore for terms",""
"passed","Tue Nov 22 08:22:33 GMT 2022","Tue Nov 22 08:22:45 GMT 2022","12583","firefox","prod - Version: v1.26.3, Commit: 2f2eaa695bb95e09ddcb1557bf324eddab2b30b7","prod - guardian basics - privacy, C1538755 > Checking locales for different langs and geos","","","Verify locale handling in Belgium for privacy notice",""
"passed","Tue Nov 22 08:24:28 GMT 2022","Tue Nov 22 08:24:33 GMT 2022","4313","firefox","prod - Version: v1.26.3, Commit: 2f2eaa695bb95e09ddcb1557bf324eddab2b30b7","prod - guardian redirects > Misc redirects","","","Verify redirect for https://vpn.mozilla.org/r/vpn/contact, C1539675",""
"passed","Tue Nov 22 08:23:09 GMT 2022","Tue Nov 22 08:23:16 GMT 2022","6720","firefox","stage - Version: v1.27.b5, Commit: e959cf630978954d175e14cd2ed170c370470279","stage - guardian basics - privacy, C1538755 > Checking locales for different langs and geos","","","Verify locale handling in Spain for privacy notice",""
"passed","Tue Nov 22 08:24:16 GMT 2022","Tue Nov 22 08:24:20 GMT 2022","3989","firefox","prod - Version: v1.26.3, Commit: 2f2eaa695bb95e09ddcb1557bf324eddab2b30b7","prod - guardian localization by urls, C1538754, C1601703 > United States - https://www.mozilla.org/en-US/products/vpn/?geo=US","","","Verify locale handling in United States",""
"passed","Tue Nov 22 08:23:21 GMT 2022","Tue Nov 22 08:23:28 GMT 2022","6287","firefox","prod - Version: v1.26.3, Commit: 2f2eaa695bb95e09ddcb1557bf324eddab2b30b7","guardian basics prod - terms, C1538755 > terms locale check for Belgium","","","Verify locale handling in Belgium for terms",""
"passed","Tue Nov 22 08:24:26 GMT 2022","Tue Nov 22 08:24:30 GMT 2022","4000","firefox","stage - Version: v1.27.b5, Commit: e959cf630978954d175e14cd2ed170c370470279","stage - guardian redirects > redirects for https://stage-vpn.guardian.nonprod.cloudops.mozgcp.net origin","","","Verify redirect for https://stage-vpn.guardian.nonprod.cloudops.mozgcp.net/r/vpn/invite/success, C1539667",""
"passed","Tue Nov 22 08:23:29 GMT 2022","Tue Nov 22 08:23:35 GMT 2022","5862","firefox","stage - Version: v1.27.b5, Commit: e959cf630978954d175e14cd2ed170c370470279","guardian basics stage - terms, C1538755 > terms locale check for Germany","","","Verify locale handling in Germany for terms",""
"passed","Tue Nov 22 08:24:05 GMT 2022","Tue Nov 22 08:24:09 GMT 2022","4632","firefox","stage - Version: v1.27.b5, Commit: e959cf630978954d175e14cd2ed170c370470279","stage - guardian localization by urls, C1538754, C1601703 > Switzerland - https://www-dev.allizom.org/de/products/vpn/?geo=ch","","","Verify locale handling in Switzerland",""
"passed","Tue Nov 22 08:24:59 GMT 2022","Tue Nov 22 08:25:02 GMT 2022","2460","firefox","stage - Version: v1.27.b5, Commit: e959cf630978954d175e14cd2ed170c370470279","stage - guardian redirects > Misc redirects","","","Verify redirect for https://stage-vpn.guardian.nonprod.cloudops.mozgcp.net/r/vpn/, C1539677",""
"passed","Tue Nov 22 08:24:57 GMT 2022","Tue Nov 22 08:24:59 GMT 2022","2317","firefox","stage - Version: v1.27.b5, Commit: e959cf630978954d175e14cd2ed170c370470279","stage - guardian redirects > Misc redirects","","","Verify redirect for https://stage-vpn.guardian.nonprod.cloudops.mozgcp.net/r/vpn/terms, C1539676",""
"passed","Tue Nov 22 08:24:02 GMT 2022","Tue Nov 22 08:24:07 GMT 2022","4264","firefox","stage - Version: v1.27.b5, Commit: e959cf630978954d175e14cd2ed170c370470279","stage - guardian localization by urls, C1538754, C1601703 > Malaysia - https://www-dev.allizom.org/en-US/products/vpn/?geo=my","","","Verify locale handling in Malaysia",""
"passed","Tue Nov 22 08:23:01 GMT 2022","Tue Nov 22 08:23:07 GMT 2022","5716","firefox","prod - Version: v1.26.3, Commit: 2f2eaa695bb95e09ddcb1557bf324eddab2b30b7","prod - guardian basics - privacy, C1538755 > Checking locales for different langs and geos","","","Verify locale handling in United States for privacy notice",""
"passed","Tue Nov 22 08:24:26 GMT 2022","Tue Nov 22 08:24:26 GMT 2022","756","firefox","stage - Version: v1.27.b5, Commit: e959cf630978954d175e14cd2ed170c370470279","stage - guardian redirects > redirects for https://stage-vpn.guardian.nonprod.cloudops.mozgcp.net origin","","","Verify redirect for https://stage-vpn.guardian.nonprod.cloudops.mozgcp.net/r/vpn/invite, C1539666",""
"passed","Tue Nov 22 08:22:50 GMT 2022","Tue Nov 22 08:22:57 GMT 2022","6838","firefox","prod - Version: v1.26.3, Commit: 2f2eaa695bb95e09ddcb1557bf324eddab2b30b7","prod - guardian basics - privacy, C1538755 > Checking locales for different langs and geos","","","Verify locale handling in Switzerland for privacy notice",""
"passed","Tue Nov 22 08:24:07 GMT 2022","Tue Nov 22 08:24:11 GMT 2022","4486","firefox","prod - Version: v1.26.3, Commit: 2f2eaa695bb95e09ddcb1557bf324eddab2b30b7","prod - guardian localization by urls, C1538754, C1601703 > Switzerland - https://www.mozilla.org/de/products/vpn/?geo=ch","","","Verify locale handling in Switzerland",""
"skipped","Tue Nov 22 08:23:51 GMT 2022","Tue Nov 22 08:23:51 GMT 2022","0","firefox","specs/guardian-integration.spec.js","stage - guardian integration","","","has a valid subscription",""
"passed","Tue Nov 22 08:24:37 GMT 2022","Tue Nov 22 08:24:40 GMT 2022","2805","firefox","prod - Version: v1.26.3, Commit: 2f2eaa695bb95e09ddcb1557bf324eddab2b30b7","prod - guardian redirects > Misc redirects","","","Verify redirect for https://vpn.mozilla.org/r/vpn/, C1539677",""
"passed","Tue Nov 22 08:24:36 GMT 2022","Tue Nov 22 08:24:38 GMT 2022","2692","firefox","stage - Version: v1.27.b5, Commit: e959cf630978954d175e14cd2ed170c370470279","stage - guardian redirects > Misc redirects","","","Verify redirect for https://stage-vpn.guardian.nonprod.cloudops.mozgcp.net/r/vpn/upgradeToPrivacyBundle, C1539670",""
"passed","Tue Nov 22 08:23:16 GMT 2022","Tue Nov 22 08:23:24 GMT 2022","7797","firefox","stage - Version: v1.27.b5, Commit: e959cf630978954d175e14cd2ed170c370470279","stage - guardian basics - privacy, C1538755 > Checking locales for different langs and geos","","","Verify locale handling in France for privacy notice",""
"passed","Tue Nov 22 08:23:47 GMT 2022","Tue Nov 22 08:23:51 GMT 2022","3320","firefox","stage - Version: v1.27.b5, Commit: e959cf630978954d175e14cd2ed170c370470279","stage - guardian integration > has subscription","","","Should redirect to downloads page",""
"passed","Tue Nov 22 08:24:25 GMT 2022","Tue Nov 22 08:24:28 GMT 2022","3920","firefox","prod - Version: v1.26.3, Commit: 2f2eaa695bb95e09ddcb1557bf324eddab2b30b7","prod - guardian redirects > Misc redirects","","","Verify redirect for https://vpn.mozilla.org/r/vpn/subscriptionBlocked, C1539674",""
"passed","Tue Nov 22 08:24:51 GMT 2022","Tue Nov 22 08:24:59 GMT 2022","7865","firefox","prod - Version: v1.26.3, Commit: 2f2eaa695bb95e09ddcb1557bf324eddab2b30b7","prod - guardian redirects > download redirects","","","Verify redirect for https://vpn.mozilla.org/r/vpn/update/ios, C1539669",""
"passed","Tue Nov 22 08:24:18 GMT 2022","Tue Nov 22 08:24:22 GMT 2022","3378","firefox","prod - Version: v1.26.3, Commit: 2f2eaa695bb95e09ddcb1557bf324eddab2b30b7","prod - guardian localization by urls, C1538754, C1601703 > France - https://www.mozilla.org/fr/products/vpn/?geo=fr","","","Verify locale handling in France",""
"passed","Tue Nov 22 08:24:51 GMT 2022","Tue Nov 22 08:24:57 GMT 2022","5676","firefox","stage - Version: v1.27.b5, Commit: e959cf630978954d175e14cd2ed170c370470279","stage - guardian redirects > Misc redirects","","","Verify redirect for https://stage-vpn.guardian.nonprod.cloudops.mozgcp.net/r/vpn/contact, C1539675",""
"passed","Tue Nov 22 08:23:31 GMT 2022","Tue Nov 22 08:23:37 GMT 2022","6280","firefox","stage - Version: v1.27.b5, Commit: e959cf630978954d175e14cd2ed170c370470279","guardian basics stage - terms, C1538755 > terms locale check for Malaysia","","","Verify locale handling in Malaysia for terms",""
"passed","Tue Nov 22 08:24:44 GMT 2022","Tue Nov 22 08:24:48 GMT 2022","3560","firefox","prod - Version: v1.26.3, Commit: 2f2eaa695bb95e09ddcb1557bf324eddab2b30b7","prod - guardian redirects > download redirects","","","Verify redirect for https://vpn.mozilla.org/r/vpn/update/linux, C1539669",""
"passed","Tue Nov 22 08:24:22 GMT 2022","Tue Nov 22 08:24:25 GMT 2022","2728","firefox","prod - Version: v1.26.3, Commit: 2f2eaa695bb95e09ddcb1557bf324eddab2b30b7","prod - guardian redirects > redirects for https://vpn.mozilla.org origin","","","Verify redirect for https://vpn.mozilla.org, C1538764",""
"passed","Tue Nov 22 08:24:41 GMT 2022","Tue Nov 22 08:24:42 GMT 2022","839","firefox","prod - Version: v1.26.3, Commit: 2f2eaa695bb95e09ddcb1557bf324eddab2b30b7","prod - guardian redirects > Misc redirects","","","Verify redirect for https://vpn.mozilla.org/r/vpn/upgradeToPrivacyBundle, C1539670",""
"passed","Tue Nov 22 08:22:33 GMT 2022","Tue Nov 22 08:22:46 GMT 2022","13459","firefox","stage - Version: v1.27.b5, Commit: e959cf630978954d175e14cd2ed170c370470279","stage - guardian basics - privacy, C1538755 > Checking locales for different langs and geos","","","Verify locale handling in Austria for privacy notice",""
"passed","Tue Nov 22 08:22:56 GMT 2022","Tue Nov 22 08:23:01 GMT 2022","5329","firefox","prod - Version: v1.26.3, Commit: 2f2eaa695bb95e09ddcb1557bf324eddab2b30b7","prod - guardian basics - privacy, C1538755 > Checking locales for different langs and geos","","","Verify locale handling in Singapore for privacy notice",""
"passed","Tue Nov 22 08:24:00 GMT 2022","Tue Nov 22 08:24:03 GMT 2022","3245","firefox","prod - Version: v1.26.3, Commit: 2f2eaa695bb95e09ddcb1557bf324eddab2b30b7","prod - guardian localization by urls, C1538754, C1601703 > Belgium - https://www.mozilla.org/nl/products/vpn/?geo=be","","","Verify locale handling in Belgium",""
"passed","Tue Nov 22 08:24:09 GMT 2022","Tue Nov 22 08:24:13 GMT 2022","4265","firefox","stage - Version: v1.27.b5, Commit: e959cf630978954d175e14cd2ed170c370470279","stage - guardian localization by urls, C1538754, C1601703 > Germany - https://www-dev.allizom.org/de/products/vpn/?geo=de","","","Verify locale handling in Germany",""
"passed","Tue Nov 22 08:24:30 GMT 2022","Tue Nov 22 08:24:34 GMT 2022","3812","firefox","stage - Version: v1.27.b5, Commit: e959cf630978954d175e14cd2ed170c370470279","stage - guardian redirects > redirects for https://stage-vpn.guardian.nonprod.cloudops.mozgcp.net origin","","","Verify redirect for https://stage-vpn.guardian.nonprod.cloudops.mozgcp.net/r/vpn/subscribe, C1539668",""
"passed","Tue Nov 22 08:24:18 GMT 2022","Tue Nov 22 08:24:22 GMT 2022","4210","firefox","stage - Version: v1.27.b5, Commit: e959cf630978954d175e14cd2ed170c370470279","stage - guardian localization by urls, C1538754, C1601703 > France - https://www-dev.allizom.org/fr/products/vpn/?geo=fr","","","Verify locale handling in France",""
"failed","Tue Nov 22 08:24:39 GMT 2022","Tue Nov 22 08:24:50 GMT 2022","10956","firefox","stage - Version: v1.27.b5, Commit: e959cf630978954d175e14cd2ed170c370470279","stage - guardian redirects > Misc redirects","","","Verify redirect for https://stage-vpn.guardian.nonprod.cloudops.mozgcp.net/r/vpn/subscriptionBlocked, C1539674",""
"passed","Tue Nov 22 08:23:30 GMT 2022","Tue Nov 22 08:23:35 GMT 2022","5645","firefox","prod - Version: v1.26.3, Commit: 2f2eaa695bb95e09ddcb1557bf324eddab2b30b7","guardian basics prod - terms, C1538755 > terms locale check for Malaysia","","","Verify locale handling in Malaysia for terms",""
"passed","Tue Nov 22 08:23:03 GMT 2022","Tue Nov 22 08:23:09 GMT 2022","5937","firefox","prod - Version: v1.26.3, Commit: 2f2eaa695bb95e09ddcb1557bf324eddab2b30b7","prod - guardian basics - privacy, C1538755 > Checking locales for different langs and geos","","","Verify locale handling in Spain for privacy notice",""
"passed","Tue Nov 22 08:24:33 GMT 2022","Tue Nov 22 08:24:37 GMT 2022","4365","firefox","prod - Version: v1.26.3, Commit: 2f2eaa695bb95e09ddcb1557bf324eddab2b30b7","prod - guardian redirects > Misc redirects","","","Verify redirect for https://vpn.mozilla.org/r/vpn/terms, C1539676",""
"passed","Tue Nov 22 08:22:45 GMT 2022","Tue Nov 22 08:22:50 GMT 2022","5143","firefox","prod - Version: v1.26.3, Commit: 2f2eaa695bb95e09ddcb1557bf324eddab2b30b7","prod - guardian basics - privacy, C1538755 > Checking locales for different langs and geos","","","Verify locale handling in Canada for privacy notice",""
"passed","Tue Nov 22 08:22:51 GMT 2022","Tue Nov 22 08:22:56 GMT 2022","4768","firefox","prod - Version: v1.26.3, Commit: 2f2eaa695bb95e09ddcb1557bf324eddab2b30b7","prod - guardian basics - privacy, C1538755 > Checking locales for different langs and geos","","","Verify locale handling in New Zealand for privacy notice",""
"passed","Tue Nov 22 08:24:40 GMT 2022","Tue Nov 22 08:24:44 GMT 2022","4194","firefox","prod - Version: v1.26.3, Commit: 2f2eaa695bb95e09ddcb1557bf324eddab2b30b7","prod - guardian redirects > download redirects","","","Verify redirect for https://vpn.mozilla.org/r/vpn/download/linux, C1539669",""
"passed","Tue Nov 22 08:23:41 GMT 2022","Tue Nov 22 08:23:47 GMT 2022","5986","firefox","stage - Version: v1.27.b5, Commit: e959cf630978954d175e14cd2ed170c370470279","guardian basics stage - terms, C1538755 > terms locale check for France","","","Verify locale handling in France for terms",""
"passed","Tue Nov 22 08:23:18 GMT 2022","Tue Nov 22 08:23:24 GMT 2022","6127","firefox","stage - Version: v1.27.b5, Commit: e959cf630978954d175e14cd2ed170c370470279","guardian basics stage - terms, C1538755 > terms locale check for Canada","","","Verify locale handling in Canada for terms",""
"passed","Tue Nov 22 08:25:04 GMT 2022","Tue Nov 22 08:25:06 GMT 2022","1962","firefox","stage - Version: v1.27.b5, Commit: e959cf630978954d175e14cd2ed170c370470279","stage - guardian redirects > download redirects","","","Verify redirect for https://stage-vpn.guardian.nonprod.cloudops.mozgcp.net/r/vpn/update/linux, C1539669",""
"skipped","Tue Nov 22 08:23:54 GMT 2022","Tue Nov 22 08:23:54 GMT 2022","0","firefox","specs/guardian-integration.spec.js","prod - guardian integration","","","has a valid subscription",""
"passed","Tue Nov 22 08:23:39 GMT 2022","Tue Nov 22 08:23:45 GMT 2022","5880","firefox","prod - Version: v1.26.3, Commit: 2f2eaa695bb95e09ddcb1557bf324eddab2b30b7","guardian basics prod - terms, C1538755 > terms locale check for Germany","","","Verify locale handling in Germany for terms",""
"passed","Tue Nov 22 08:23:19 GMT 2022","Tue Nov 22 08:23:25 GMT 2022","6067","firefox","stage - Version: v1.27.b5, Commit: e959cf630978954d175e14cd2ed170c370470279","guardian basics stage - terms, C1538755 > terms locale check for UK","","","Verify locale handling in UK for terms",""
"skipped","Tue Nov 22 08:22:32 GMT 2022","Tue Nov 22 08:22:33 GMT 2022","12","firefox","specs/guardian-basics-payments.spec.js","","","","stage - guardian basics - payments, C1538755",""
"passed","Tue Nov 22 08:23:15 GMT 2022","Tue Nov 22 08:23:21 GMT 2022","6277","firefox","prod - Version: v1.26.3, Commit: 2f2eaa695bb95e09ddcb1557bf324eddab2b30b7","prod - guardian basics - privacy, C1538755 > Checking locales for different langs and geos","","","Verify locale handling in UK for privacy notice",""
"passed","Tue Nov 22 08:22:58 GMT 2022","Tue Nov 22 08:23:03 GMT 2022","5561","firefox","stage - Version: v1.27.b5, Commit: e959cf630978954d175e14cd2ed170c370470279","stage - guardian basics - privacy, C1538755 > Checking locales for different langs and geos","","","Verify locale handling in Switzerland for privacy notice",""
"passed","Tue Nov 22 08:24:18 GMT 2022","Tue Nov 22 08:24:21 GMT 2022","3048","firefox","prod - Version: v1.26.3, Commit: 2f2eaa695bb95e09ddcb1557bf324eddab2b30b7","prod - guardian localization by urls, C1538754, C1601703 > Austria - https://www.mozilla.org/de/products/vpn/?geo=at","","","Verify locale handling in Austria",""
"passed","Tue Nov 22 08:24:28 GMT 2022","Tue Nov 22 08:24:31 GMT 2022","2478","firefox","prod - Version: v1.26.3, Commit: 2f2eaa695bb95e09ddcb1557bf324eddab2b30b7","prod - guardian redirects > redirects for https://vpn.mozilla.org origin","","","Verify redirect for https://vpn.mozilla.org/r/vpn/invite/success, C1539667",""
"passed","Tue Nov 22 08:24:12 GMT 2022","Tue Nov 22 08:24:16 GMT 2022","3372","firefox","prod - Version: v1.26.3, Commit: 2f2eaa695bb95e09ddcb1557bf324eddab2b30b7","prod - guardian localization by urls, C1538754, C1601703 > Singapore - https://www.mozilla.org/en-US/products/vpn/?geo=sg","","","Verify locale handling in Singapore",""
"failed","Tue Nov 22 08:24:59 GMT 2022","Tue Nov 22 08:25:05 GMT 2022","6677","firefox","stage - Version: v1.27.b5, Commit: e959cf630978954d175e14cd2ed170c370470279","stage - guardian redirects > Misc redirects","","","Verify redirect for https://stage-vpn.guardian.nonprod.cloudops.mozgcp.net/r/vpn/support, C1539673",""
"passed","Tue Nov 22 08:22:57 GMT 2022","Tue Nov 22 08:23:02 GMT 2022","5589","firefox","stage - Version: v1.27.b5, Commit: e959cf630978954d175e14cd2ed170c370470279","stage - guardian basics - privacy, C1538755 > Checking locales for different langs and geos","","","Verify locale handling in New Zealand for privacy notice",""
"passed","Tue Nov 22 08:24:35 GMT 2022","Tue Nov 22 08:24:41 GMT 2022","6110","firefox","prod - Version: v1.26.3, Commit: 2f2eaa695bb95e09ddcb1557bf324eddab2b30b7","prod - guardian redirects > Misc redirects","","","Verify redirect for https://vpn.mozilla.org/r/vpn/client/feedback, C1539670",""
"passed","Tue Nov 22 08:23:13 GMT 2022","Tue Nov 22 08:23:19 GMT 2022","6345","firefox","prod - Version: v1.26.3, Commit: 2f2eaa695bb95e09ddcb1557bf324eddab2b30b7","prod - guardian basics - privacy, C1538755 > Checking locales for different langs and geos","","","Verify locale handling in Austria for privacy notice",""
"passed","Tue Nov 22 08:23:03 GMT 2022","Tue Nov 22 08:23:09 GMT 2022","6026","firefox","stage - Version: v1.27.b5, Commit: e959cf630978954d175e14cd2ed170c370470279","stage - guardian basics - privacy, C1538755 > Checking locales for different langs and geos","","","Verify locale handling in Germany for privacy notice",""
"passed","Tue Nov 22 08:23:33 GMT 2022","Tue Nov 22 08:23:39 GMT 2022","6329","firefox","prod - Version: v1.26.3, Commit: 2f2eaa695bb95e09ddcb1557bf324eddab2b30b7","guardian basics prod - terms, C1538755 > terms locale check for Switzerland","","","Verify locale handling in Switzerland for terms",""
"passed","Tue Nov 22 08:24:31 GMT 2022","Tue Nov 22 08:24:35 GMT 2022","4078","firefox","prod - Version: v1.26.3, Commit: 2f2eaa695bb95e09ddcb1557bf324eddab2b30b7","prod - guardian redirects > redirects for https://vpn.mozilla.org origin","","","Verify redirect for https://vpn.mozilla.org/r/vpn/subscribe, C1539668",""
"passed","Tue Nov 22 08:24:07 GMT 2022","Tue Nov 22 08:24:10 GMT 2022","3193","firefox","stage - Version: v1.27.b5, Commit: e959cf630978954d175e14cd2ed170c370470279","stage - guardian localization by urls, C1538754, C1601703 > New Zealand - https://www-dev.allizom.org/en-US/products/vpn/?geo=nz","","","Verify locale handling in New Zealand",""
"passed","Tue Nov 22 08:23:50 GMT 2022","Tue Nov 22 08:23:56 GMT 2022","5859","firefox","prod - Version: v1.26.3, Commit: 2f2eaa695bb95e09ddcb1557bf324eddab2b30b7","guardian basics prod - terms, C1538755 > terms locale check for France","","","Verify locale handling in France for terms",""
"passed","Tue Nov 22 08:23:54 GMT 2022","Tue Nov 22 08:23:59 GMT 2022","4373","firefox","stage - Version: v1.27.b5, Commit: e959cf630978954d175e14cd2ed170c370470279","stage - guardian localization by urls, C1538754, C1601703 > UK - https://www-dev.allizom.org/en-US/products/vpn/?geo=gb","","","Verify locale handling in UK",""
"passed","Tue Nov 22 08:24:41 GMT 2022","Tue Nov 22 08:24:44 GMT 2022","2748","firefox","stage - Version: v1.27.b5, Commit: e959cf630978954d175e14cd2ed170c370470279","stage - guardian redirects > Misc redirects","","","Verify redirect for https://stage-vpn.guardian.nonprod.cloudops.mozgcp.net/r/vpn/subscription, C1539672",""
"passed","Tue Nov 22 08:23:46 GMT 2022","Tue Nov 22 08:23:52 GMT 2022","5812","firefox","prod - Version: v1.26.3, Commit: 2f2eaa695bb95e09ddcb1557bf324eddab2b30b7","guardian basics prod - terms, C1538755 > terms locale check for United States","","","Verify locale handling in United States for terms",""
"passed","Tue Nov 22 08:23:49 GMT 2022","Tue Nov 22 08:23:54 GMT 2022","5703","firefox","stage - Version: v1.27.b5, Commit: e959cf630978954d175e14cd2ed170c370470279","guardian basics stage - terms, C1538755 > terms locale check for United States","","","Verify locale handling in United States for terms",""
"passed","Tue Nov 22 08:23:24 GMT 2022","Tue Nov 22 08:23:30 GMT 2022","5703","firefox","prod - Version: v1.26.3, Commit: 2f2eaa695bb95e09ddcb1557bf324eddab2b30b7","guardian basics prod - terms, C1538755 > terms locale check for Italy","","","Verify locale handling in Italy for terms",""
"passed","Tue Nov 22 08:22:46 GMT 2022","Tue Nov 22 08:22:52 GMT 2022","6223","firefox","stage - Version: v1.27.b5, Commit: e959cf630978954d175e14cd2ed170c370470279","stage - guardian basics - privacy, C1538755 > Checking locales for different langs and geos","","","Verify locale handling in Belgium for privacy notice",""
"passed","Tue Nov 22 08:23:24 GMT 2022","Tue Nov 22 08:23:29 GMT 2022","5151","firefox","stage - Version: v1.27.b5, Commit: e959cf630978954d175e14cd2ed170c370470279","guardian basics stage - terms, C1538755 > terms locale check for Switzerland","","","Verify locale handling in Switzerland for terms",""
"passed","Tue Nov 22 08:24:06 GMT 2022","Tue Nov 22 08:24:09 GMT 2022","3137","firefox","prod - Version: v1.26.3, Commit: 2f2eaa695bb95e09ddcb1557bf324eddab2b30b7","prod - guardian localization by urls, C1538754, C1601703 > Malaysia - https://www.mozilla.org/en-US/products/vpn/?geo=my","","","Verify locale handling in Malaysia",""
"passed","Tue Nov 22 08:22:51 GMT 2022","Tue Nov 22 08:22:57 GMT 2022","5579","firefox","stage - Version: v1.27.b5, Commit: e959cf630978954d175e14cd2ed170c370470279","stage - guardian basics - privacy, C1538755 > Checking locales for different langs and geos","","","Verify locale handling in Malaysia for privacy notice",""
"passed","Tue Nov 22 08:23:35 GMT 2022","Tue Nov 22 08:23:41 GMT 2022","6215","firefox","stage - Version: v1.27.b5, Commit: e959cf630978954d175e14cd2ed170c370470279","guardian basics stage - terms, C1538755 > terms locale check for Spain","","","Verify locale handling in Spain for terms",""
"passed","Tue Nov 22 08:25:02 GMT 2022","Tue Nov 22 08:25:04 GMT 2022","2489","firefox","stage - Version: v1.27.b5, Commit: e959cf630978954d175e14cd2ed170c370470279","stage - guardian redirects > download redirects","","","Verify redirect for https://stage-vpn.guardian.nonprod.cloudops.mozgcp.net/r/vpn/download/linux, C1539669",""
"passed","Tue Nov 22 08:22:52 GMT 2022","Tue Nov 22 08:22:58 GMT 2022","5605","firefox","stage - Version: v1.27.b5, Commit: e959cf630978954d175e14cd2ed170c370470279","stage - guardian basics - privacy, C1538755 > Checking locales for different langs and geos","","","Verify locale handling in Canada for privacy notice",""
"passed","Tue Nov 22 08:23:56 GMT 2022","Tue Nov 22 08:24:00 GMT 2022","4194","firefox","stage - Version: v1.27.b5, Commit: e959cf630978954d175e14cd2ed170c370470279","stage - guardian localization by urls, C1538754, C1601703 > Belgium - https://www-dev.allizom.org/nl/products/vpn/?geo=be","","","Verify locale handling in Belgium",""
"passed","Tue Nov 22 08:24:59 GMT 2022","Tue Nov 22 08:25:04 GMT 2022","4859","firefox","prod - Version: v1.26.3, Commit: 2f2eaa695bb95e09ddcb1557bf324eddab2b30b7","prod - guardian redirects > download redirects","","","Verify redirect for https://vpn.mozilla.org/r/vpn/update/android, C1539669",""
"passed","Tue Nov 22 08:24:09 GMT 2022","Tue Nov 22 08:24:12 GMT 2022","3548","firefox","prod - Version: v1.26.3, Commit: 2f2eaa695bb95e09ddcb1557bf324eddab2b30b7","prod - guardian localization by urls, C1538754, C1601703 > New Zealand - https://www.mozilla.org/en-US/products/vpn/?geo=nz","","","Verify locale handling in New Zealand",""
"passed","Tue Nov 22 08:24:48 GMT 2022","Tue Nov 22 08:24:51 GMT 2022","3392","firefox","prod - Version: v1.26.3, Commit: 2f2eaa695bb95e09ddcb1557bf324eddab2b30b7","prod - guardian redirects > download redirects","","","Verify redirect for https://vpn.mozilla.org/r/vpn/update/windows, C1539669",""
"passed","Tue Nov 22 08:24:46 GMT 2022","Tue Nov 22 08:24:48 GMT 2022","2918","firefox","prod - Version: v1.26.3, Commit: 2f2eaa695bb95e09ddcb1557bf324eddab2b30b7","prod - guardian redirects > Misc redirects","","","Verify redirect for https://vpn.mozilla.org/r/vpn/subscription, C1539672",""
"passed","Tue Nov 22 08:23:13 GMT 2022","Tue Nov 22 08:23:18 GMT 2022","5377","firefox","stage - Version: v1.27.b5, Commit: e959cf630978954d175e14cd2ed170c370470279","guardian basics stage - terms, C1538755 > terms locale check for Belgium","","","Verify locale handling in Belgium for terms",""
"passed","Tue Nov 22 08:23:02 GMT 2022","Tue Nov 22 08:23:08 GMT 2022","5574","firefox","stage - Version: v1.27.b5, Commit: e959cf630978954d175e14cd2ed170c370470279","stage - guardian basics - privacy, C1538755 > Checking locales for different langs and geos","","","Verify locale handling in Singapore for privacy notice",""
"passed","Tue Nov 22 08:24:11 GMT 2022","Tue Nov 22 08:24:15 GMT 2022","4128","firefox","prod - Version: v1.26.3, Commit: 2f2eaa695bb95e09ddcb1557bf324eddab2b30b7","prod - guardian localization by urls, C1538754, C1601703 > Germany - https://www.mozilla.org/de/products/vpn/?geo=de","","","Verify locale handling in Germany",""
"passed","Tue Nov 22 08:24:38 GMT 2022","Tue Nov 22 08:24:41 GMT 2022","2771","firefox","stage - Version: v1.27.b5, Commit: e959cf630978954d175e14cd2ed170c370470279","stage - guardian redirects > Misc redirects","","","Verify redirect for https://stage-vpn.guardian.nonprod.cloudops.mozgcp.net/r/vpn/account, C1539671",""
"passed","Tue Nov 22 08:23:28 GMT 2022","Tue Nov 22 08:23:33 GMT 2022","5514","firefox","prod - Version: v1.26.3, Commit: 2f2eaa695bb95e09ddcb1557bf324eddab2b30b7","guardian basics prod - terms, C1538755 > terms locale check for Canada","","","Verify locale handling in Canada for terms",""
"passed","Tue Nov 22 08:24:20 GMT 2022","Tue Nov 22 08:24:26 GMT 2022","5835","firefox","stage - Version: v1.27.b5, Commit: e959cf630978954d175e14cd2ed170c370470279","stage - guardian redirects > redirects for https://stage-vpn.guardian.nonprod.cloudops.mozgcp.net origin","","","Verify redirect for https://stage-vpn.guardian.nonprod.cloudops.mozgcp.net, C1538764",""
"skipped","Tue Nov 22 08:22:32 GMT 2022","Tue Nov 22 08:22:33 GMT 2022","14","firefox","specs/guardian-basics-payments.spec.js","","","","prod - guardian basics - payments, C1538755",""
"passed","Tue Nov 22 08:23:51 GMT 2022","Tue Nov 22 08:23:54 GMT 2022","3712","firefox","prod - Version: v1.26.3, Commit: 2f2eaa695bb95e09ddcb1557bf324eddab2b30b7","prod - guardian integration > has subscription","","","Should redirect to downloads page",""
